-- MySQL dump 10.13  Distrib 5.6.27, for osx10.8 (x86_64)
--
-- Host: localhost    Database: bills
-- ------------------------------------------------------
-- Server version	5.6.27

/*!40101 SET @OLD_CHARACTER_SET_CLIENT=@@CHARACTER_SET_CLIENT */;
/*!40101 SET @OLD_CHARACTER_SET_RESULTS=@@CHARACTER_SET_RESULTS */;
/*!40101 SET @OLD_COLLATION_CONNECTION=@@COLLATION_CONNECTION */;
/*!40101 SET NAMES utf8 */;
/*!40103 SET @OLD_TIME_ZONE=@@TIME_ZONE */;
/*!40103 SET TIME_ZONE='+00:00' */;
/*!40014 SET @OLD_UNIQUE_CHECKS=@@UNIQUE_CHECKS, UNIQUE_CHECKS=0 */;
/*!40014 SET @OLD_FOREIGN_KEY_CHECKS=@@FOREIGN_KEY_CHECKS, FOREIGN_KEY_CHECKS=0 */;
/*!40101 SET @OLD_SQL_MODE=@@SQL_MODE, SQL_MODE='NO_AUTO_VALUE_ON_ZERO' */;
/*!40111 SET @OLD_SQL_NOTES=@@SQL_NOTES, SQL_NOTES=0 */;

--
-- Table structure for table `0`
--

DROP TABLE IF EXISTS `0`;
/*!40101 SET @saved_cs_client     = @@character_set_client */;
/*!40101 SET character_set_client = utf8 */;
CREATE TABLE `0` (
  `store` varchar(35) NOT NULL,
  `due_on` int(2) NOT NULL,
  `last_payment` date DEFAULT NULL,
  `last_amount` varchar(15) NOT NULL,
  `website` varchar(255) NOT NULL,
  `username` varchar(64) NOT NULL,
  `password` varchar(255) NOT NULL
) ENGINE=MyISAM DEFAULT CHARSET=utf8 COMMENT='bills information';
/*!40101 SET character_set_client = @saved_cs_client */;

--
-- Dumping data for table `0`
--

LOCK TABLES `0` WRITE;
/*!40000 ALTER TABLE `0` DISABLE KEYS */;
INSERT INTO `0` VALUES ('Alfredo CC',12,'2016-05-01','62.44','https://creditcards.citi.com/','hjsd2000','i3mj23'),('Jesses Best Buy',10,'2016-05-01','0.00','https://www.accountonline.com/cards/svc/LoginGet.do?siteId=PLCN_BESTBUY','i3mj23','hjsd2000'),('Socrates',20,'2016-05-17','45.00','https://www.mysynchrony.com/index.html','soccer06','hjsd2000'),('Chase Freedom',25,'2016-05-17','0.00','https://www.chase.com/','analsanchez79','socrates1179;)'),('DirectTV',27,'2016-05-17','40.00','http://www.directv.com/','jsanchez@accruent.com','hjsd2000'),('Insurance',1,'2016-04-17','157.07','https://www.geico.com/manageyourpolicy/auto/','i3mj23','hjsd2000'),('Guitar Center',10,'2016-05-01','40.00','https://www.mysynchrony.com/account.html','sanchez0731','hjsd2000'),('Laura Chase',25,'2016-05-17','40.00','https://www.chase.com/','lauraChase0731','hjsd2000'),('TJMax',27,'2016-05-17','75.00','https://www.reviewmyaccount.com/consumergen2/login.do?subActionId=1000&clientId=tjx&langId=en&accountType=generic','hj_sd2000@yahoo.com','hjsd2000'),('VCFU Loan',26,'2016-05-01','0.00','','',''),('Verizon',5,'2016-05-01','199.22','http://www.verizonwireless.com/b2c/index.html','9565510746','socrates06'),('Wal-Mart',25,'2016-05-17','80.00','https://www2.onlinecreditcenter6.com/consumergen2/login.do?accountType=generic&clientId=walmart&langId=en&subActionId=1000','hj_sd2000@yahoo.com','hjsd2000'),('Jesses Rent',1,'2016-04-29','250.00','','',''),('Car Loan',18,'2016-05-17','250.00','https://eservices.wellsfargodealerservices.com/MyAccount/login.aspx','hjsd2000','Matamoros1!'),('Chase Slate',13,'2016-05-01','150.00','https://www.chase.com/','analsanchez79','socrates1179;)'),('Student Loans',24,'2016-05-17','351.00','https://accountaccess.myfedloan.org/accountAccess/index.cfm','hjsd2000','Matamoros1!'),('Missys Rent 15th',15,'2016-05-17','200.00','','',''),('Missys Rent 1st',1,'2016-04-30','200.00','','','');
/*!40000 ALTER TABLE `0` ENABLE KEYS */;
UNLOCK TABLES;

--
-- Table structure for table `finances0`
--

DROP TABLE IF EXISTS `finances0`;
/*!40101 SET @saved_cs_client     = @@character_set_client */;
/*!40101 SET character_set_client = utf8 */;
CREATE TABLE `finances0` (
  `store` varchar(255) DEFAULT NULL,
  `amount_owed` varchar(10) DEFAULT NULL,
  `APR` varchar(20) DEFAULT NULL,
  `payment` varchar(2) DEFAULT NULL
) ENGINE=InnoDB DEFAULT CHARSET=latin1;
/*!40101 SET character_set_client = @saved_cs_client */;

--
-- Dumping data for table `finances0`
--

LOCK TABLES `finances0` WRITE;
/*!40000 ALTER TABLE `finances0` DISABLE KEYS */;
INSERT INTO `finances0` VALUES ('Alfredo CC','2895.04','13.24','1'),('Jesses Best Buy','0','0','0'),('Chase Freedom','0','0','0'),('DirectTV','0','0','0'),('Insurance','0','0','0'),('Guitar Center','1087.37','23.15','1'),('Laura Chase','1483.79','15.49','1'),('TJMax','1238.91','27.24','1'),('VCFU Loan','0','0','0'),('Verizon','0','0','0'),('Wal-Mart','2317.85','23.15','1'),('Jesses Rent','0','0','0'),('Car Loan','13036.44','6.49','0'),('Chase Slate','4475.31','23.24','1'),('Student Loans','72816.23','5.125','0'),('Socrates','1123.29','24.99','1'),('Missys Rent 15th','0','0','0'),('Missys Rent 1st','0','0','0');
/*!40000 ALTER TABLE `finances0` ENABLE KEYS */;
UNLOCK TABLES;

--
-- Table structure for table `history0`
--

DROP TABLE IF EXISTS `history0`;
/*!40101 SET @saved_cs_client     = @@character_set_client */;
/*!40101 SET character_set_client = utf8 */;
CREATE TABLE `history0` (
  `store` varchar(255) NOT NULL,
  `due_on` int(2) NOT NULL,
  `last_payment` date NOT NULL,
  `last_amount` varchar(64) NOT NULL,
  `paidOn` datetime NOT NULL
) ENGINE=MyISAM DEFAULT CHARSET=utf8;
/*!40101 SET character_set_client = @saved_cs_client */;

--
-- Dumping data for table `history0`
--

LOCK TABLES `history0` WRITE;
/*!40000 ALTER TABLE `history0` DISABLE KEYS */;
INSERT INTO `history0` VALUES ('DirecTV',1,'2013-06-24','45.00','2013-06-24 20:35:48'),('DirecTV',25,'2013-06-24','45.00','2013-06-24 20:34:56'),('Alfredo CC',12,'2013-05-18','60.00','2013-05-19 23:05:21'),('Laura Chase',25,'2013-06-17','150.00','2013-06-17 19:51:19'),('Wal-Mart',25,'2013-06-17','89.00','2013-06-17 19:46:32'),('TJMax',27,'2013-06-17','39.00','2013-06-17 19:35:14'),('Target',20,'2013-06-17','25.00','2013-06-17 19:32:16'),('Ana Best Buy',1,'2013-04-30','40.00','2013-05-19 23:21:58'),('Best Buy',1,'2013-04-20','30.00','2013-05-19 23:25:33'),('Capital One',22,'2013-05-18','15.00','2013-05-19 23:31:58'),('Chase Freedom',25,'2013-05-18','15.00','2013-05-19 23:38:05'),('DirecTV',25,'2013-04-25','45.00','2013-05-19 23:46:22'),('Insurance',1,'2013-04-25','120.00','2013-05-19 23:48:59'),('Internet',1,'2013-04-25','25.00','2013-05-19 23:51:10'),('Firestone',20,'2013-05-18','20.00','2013-05-20 00:03:19'),('Guitar Center',10,'2013-05-06','32.00','2013-05-20 00:03:43'),('Laura Chase',25,'2013-05-18','25.00','2013-05-20 00:04:16'),('Socrates',20,'2013-05-18','20.76','2013-05-20 00:04:40'),('Target',20,'2013-05-18','25.00','2013-05-20 00:05:03'),('VCFU Loan',26,'2013-04-25','154.00','2013-05-20 00:06:25'),('Verizon',5,'2013-05-03','179.00','2013-05-20 00:06:46'),('Wal-Mart',25,'2013-05-18','84.00','2013-05-20 00:07:15'),('TJMax',1,'2013-05-17','100.00','2013-05-20 00:09:11'),('VCFU Loan',26,'2013-05-25','154.00','2013-05-27 19:05:59'),('Ana Best Buy',1,'2013-05-27','40.00','2013-05-27 19:19:32'),('Best Buy',1,'2013-05-29','30.00','2013-05-29 15:31:40'),('Capital One',22,'2013-06-17','15.00','2013-06-17 19:25:01'),('Socrates',20,'2013-05-28','30.00','2013-06-02 10:05:36'),('Laura Chase',25,'2013-05-27','30.00','2013-06-02 10:13:56'),('Firestone',20,'2013-06-17','20.00','2013-06-17 19:29:34'),('Chase Freedom',25,'2013-06-17','43.00','2013-06-17 19:27:31'),('Verizon',5,'2013-06-05','175.96','2013-06-05 20:56:22'),('Guitar Center',10,'2013-06-05','30.00','2013-06-05 21:41:34'),('newBill Test',23,'2013-06-09','123.00','2013-06-09 00:23:41'),('DirecTV',25,'2013-05-01','45.00','2013-06-07 16:33:43'),('Insurance',1,'2013-05-31','120.00','2013-06-07 16:34:30'),('Internet',1,'2013-05-31','25.00','2013-06-07 16:34:50'),('DirecTV',1,'2013-06-23','45.00','2013-06-24 20:36:18'),('DirecTV',1,'2013-06-24','45.00','2013-06-24 20:36:26'),('VCFU Loan',26,'2013-06-25','154.00','2013-06-25 16:57:53'),('Target',20,'2013-06-25','40.00','2013-06-25 17:00:25'),('TJMax',27,'2013-06-25','40.00','2013-06-25 17:00:40'),('Ana Best Buy',1,'2013-06-25','25.00','2013-06-25 17:04:29'),('Capital One',22,'2013-07-14','15.00','2013-07-14 15:12:46'),('Best Buy',1,'2013-07-01','25.00','2013-07-01 16:00:36'),('Insurance',1,'2013-07-01','120.00','2013-07-01 16:02:22'),('Internet',1,'2013-07-01','25.00','2013-07-01 16:02:29'),('Jesses Rent',1,'2013-07-01','600.00','2013-07-01 16:13:11'),('Verizon',5,'2013-07-01','106.08','2013-07-01 17:03:29'),('Alfredo CC',12,'2013-07-01','80.00','2013-07-01 17:04:55'),('Guitar Center',10,'2013-07-01','40.00','2013-07-01 17:06:19'),('Target',20,'2013-07-01','30.00','2013-07-01 17:11:16'),('Firestone',20,'2013-07-14','20.00','2013-07-14 15:14:24'),('Chase Freedom',25,'2013-07-15','52.00','2013-07-15 19:21:57'),('Laura Chase',25,'2013-07-15','53.00','2013-07-15 19:23:46'),('Wal-Mart',25,'2013-07-15','85.00','2013-07-15 19:25:48'),('TJMax',27,'2013-07-15','42.00','2013-07-15 19:27:51'),('VCFU Loan',26,'2013-07-20','154.00','2013-07-20 02:43:20'),('Insurance',1,'2013-07-28','120.00','2013-07-29 06:16:41'),('Insurance',1,'2013-07-29','120.00','2013-07-29 06:17:02'),('Internet',1,'2013-07-29','25.00','2013-07-29 06:17:12'),('DirecTV',1,'2013-07-29','45.00','2013-07-29 06:17:22'),('Ana Best Buy',1,'2013-07-29','25.00','2013-07-29 18:29:43'),('Ana Best Buy',1,'2013-07-29','25.00','2013-07-29 18:33:26'),('Best Buy',1,'2013-07-29','25.00','2013-07-29 18:57:53'),('Verizon',5,'2013-08-05','149.52','2013-08-05 09:12:34'),('Guitar Center',10,'2013-08-10','32.00','2013-08-11 07:29:43'),('Alfredo CC',12,'2013-08-11','56.00','2013-08-11 07:31:34'),('Capital One',22,'2013-08-16','15.00','2013-08-17 00:06:25'),('Chase Freedom',25,'2013-08-17','50.00','2013-08-17 00:07:35'),('Firestone',20,'2013-08-17','20.00','2013-08-17 00:08:37'),('Target',20,'2013-08-17','25.00','2013-08-17 00:09:50'),('Laura Chase',25,'2013-08-17','55.00','2013-08-17 00:11:46'),('TJMax',27,'2013-08-17','46.00','2013-08-17 00:12:59'),('Wal-Mart',25,'2013-08-17','91.00','2013-08-17 00:14:19'),('VCFU Loan',26,'2013-08-25','154.00','2013-08-25 21:33:11'),('Ana Best Buy',1,'2013-09-01','25.00','2013-09-01 21:52:29'),('Best Buy',1,'2013-09-01','25.00','2013-09-01 21:55:42'),('Insurance',1,'2013-09-01','120.00','2013-09-01 21:56:16'),('Jesses Rent',1,'2013-09-01','700.00','2013-09-01 21:57:34'),('Ana Best Buy',1,'2013-08-31','25.00','2013-09-01 21:58:50'),('Best Buy',1,'2013-08-31','25.00','2013-09-01 21:59:06'),('Insurance',1,'2013-08-31','120.00','2013-09-01 21:59:22'),('Verizon',5,'2013-09-04','149.64','2013-09-06 13:24:15'),('Guitar Center',10,'2013-09-06','32.00','2013-09-06 13:25:19'),('Alfredo CC',12,'2013-09-11','55.00','2013-09-13 18:39:06'),('Wal-Mart',25,'2013-09-16','88.00','2013-09-16 14:09:42'),('Target',20,'2013-09-16','25.00','2013-09-16 14:11:14'),('Laura Chase',25,'2013-09-16','54.00','2013-09-16 14:13:00'),('Capital One',22,'2013-09-16','15.00','2013-09-16 14:14:10'),('Firestone',20,'2013-09-16','20.00','2013-09-16 14:15:11'),('Chase Freedom',25,'2013-09-16','51.00','2013-09-16 14:17:49'),('TJMax',27,'2013-09-26','49.00','2013-09-30 07:22:35'),('VCFU Loan',26,'2013-09-25','154.00','2013-09-30 07:23:04'),('Best Buy',1,'2013-09-30','25.00','2013-09-30 18:59:41'),('Jesses Rent',1,'2013-09-30','500.00','2013-09-30 22:09:01'),('Anas Best Buy',3,'2013-10-01','25.00','2013-10-01 21:34:13'),('Jesses Best Buy',10,'2013-10-01','25.00','2013-10-01 21:35:38'),('Insurance',1,'2013-09-30','120.00','2013-10-01 21:42:18'),('Guitar Center',10,'2013-10-01','31.00','2013-10-01 21:46:02'),('DirectTV',27,'2013-09-26','44.00','2013-10-02 12:28:10'),('DirectTV',27,'2013-10-02','124.00','2013-10-02 21:17:57'),('COA Utilites',16,'2013-09-15','200.00','2013-10-03 09:17:02'),('Verizon',5,'2013-10-03','149.00','2013-10-04 17:12:08'),('Alfredo CC',12,'2013-10-11','55.00','2013-10-14 07:37:06'),('TWC internet',15,'2013-10-14','23.43','2013-10-14 07:52:59'),('COA Utilites',16,'2013-10-14','143.75','2013-10-14 07:56:11'),('Firestone',20,'2013-10-17','19.00','2013-10-17 21:36:58'),('Target',20,'2013-10-17','25.00','2013-10-17 21:38:09'),('Capital One',22,'2013-10-17','15.00','2013-10-17 21:39:21'),('TJMax',27,'2013-10-17','88.00','2013-10-17 21:40:49'),('Wal-Mart',25,'2013-10-17','85.00','2013-10-17 21:41:59'),('Laura Chase',25,'2013-10-17','48.00','2013-10-17 21:43:07'),('Chase Freedom',25,'2013-10-17','50.00','2013-10-17 21:44:03'),('VCFU Loan',26,'2013-10-25','154.00','2013-10-25 09:19:51'),('Verizon',5,'2013-10-31','148.95','2013-10-31 08:31:00'),('Alfredo CC',12,'2013-10-31','108.81','2013-10-31 08:38:34'),('Anas Best Buy',3,'2013-10-31','25.00','2013-10-31 08:40:37'),('Guitar Center',10,'2013-10-31','31.00','2013-10-31 08:42:52'),('Jesses Best Buy',10,'2013-10-31','25.00','2013-10-31 08:44:21'),('Jesses Rent',1,'2013-10-31','500.00','2013-11-07 10:37:47'),('Insurance',1,'2013-10-31','120.00','2013-11-07 10:38:30'),('Capital One',22,'2013-11-15','15.00','2013-11-15 10:16:50'),('Chase Freedom',25,'2013-11-15','50.00','2013-11-15 10:19:38'),('COA Utilites',16,'2013-11-15','76.00','2013-11-15 14:31:00'),('Wal-Mart',25,'2013-11-15','86.00','2013-11-15 15:32:50'),('TWC internet',15,'2013-11-15','23.43','2013-11-15 15:39:27'),('TJMax',27,'2013-11-15','23.43','2013-11-15 15:39:47'),('TWC internet',15,'2013-11-15','23.43','2013-11-15 15:39:59'),('TWC internet',15,'2013-11-14','23.43','2013-11-15 15:40:13'),('Laura Chase',25,'2013-11-15','48.00','2013-11-15 15:53:22'),('Firestone',20,'2013-11-15','19.00','2013-11-15 15:54:20'),('Target',20,'2013-11-15','25.00','2013-11-15 15:55:14'),('TJMax',27,'2013-11-15','86.00','2013-11-15 15:56:24'),('VCFU Loan',26,'2013-11-25','154.00','2013-11-28 09:58:51'),('Jesses Rent',1,'2013-11-28','500.00','2013-11-28 09:59:18'),('DirectTV',27,'2013-11-25','50.00','2013-11-28 10:00:23'),('Alfredo CC',12,'2013-11-28','72.00','2013-11-28 10:12:38'),('Anas Best Buy',3,'2013-11-28','30.00','2013-11-28 10:25:33'),('Guitar Center',10,'2013-11-28','30.00','2013-11-28 10:27:00'),('Jesses Best Buy',10,'2013-11-28','30.00','2013-11-28 10:28:05'),('Insurance',1,'2013-11-28','109.00','2013-12-01 21:15:21'),('Verizon',5,'2013-11-28','149.28','2013-11-28 10:36:58'),('VCFU Loan',26,'2013-12-12','0.00','2013-12-13 15:33:05'),('Capital One',22,'2013-12-13','15.00','2013-12-13 15:35:41'),('COA Utilites',16,'2013-12-13','76.00','2013-12-13 15:36:28'),('Firestone',20,'2013-12-13','19.00','2013-12-13 15:37:09'),('Target',20,'2013-12-13','25.00','2013-12-13 15:38:48'),('TWC internet',15,'2013-12-13','23.43','2013-12-13 15:40:57'),('Chase Freedom',25,'2013-12-16','50.00','2013-12-16 09:12:53'),('TJMax',27,'2013-12-16','60.00','2013-12-16 09:15:03'),('Laura Chase',25,'2013-12-16','47.00','2013-12-16 09:15:46'),('Wal-Mart',25,'2013-12-19','87.00','2013-12-19 08:52:51'),('Alfredo CC',12,'2014-01-02','78.71','2014-01-02 00:27:57'),('Anas Best Buy',3,'2014-01-02','28.00','2014-01-02 00:33:39'),('Guitar Center',10,'2014-01-02','32.00','2014-01-02 00:34:21'),('Jesses Best Buy',10,'2014-01-02','30.00','2014-01-02 00:35:27'),('Verizon',5,'2014-01-02','174.28','2014-01-02 00:38:46'),('Insurance',1,'2014-01-01','109.00','2014-01-06 10:14:04'),('Jesses Rent',1,'2014-01-01','500.00','2014-01-06 10:14:34'),('Capital One',22,'2014-01-14','20.00','2014-01-14 21:13:29'),('Chase Freedom',25,'2014-01-14','50.00','2014-01-14 21:16:07'),('Firestone',20,'2014-01-14','20.00','2014-01-14 21:17:49'),('Laura Chase',25,'2014-01-14','50.00','2014-01-14 21:20:05'),('Target',20,'2014-01-14','30.00','2014-01-14 21:20:58'),('TJMax',27,'2014-01-14','60.00','2014-01-14 21:25:31'),('Wal-Mart',25,'2014-01-14','90.00','2014-01-14 21:29:03'),('TWC internet',15,'2014-01-14','45.91','2014-01-14 21:45:00'),('COA Utilites',16,'2014-01-14','80.66','2014-01-14 21:48:50'),('VCFU Loan',26,'2014-01-20','154.00','2014-01-20 15:15:10'),('Texas Gas',23,'2014-01-22','100.17','2014-01-22 09:50:59'),('TWC internet',15,'2014-01-14','22.95','2014-01-25 18:52:27'),('Texas Gas',23,'2014-01-22','50.08','2014-01-25 18:53:08'),('DirectTV',27,'2014-01-26','50.16','2014-01-27 23:08:33'),('Anas Best Buy',3,'2014-01-31','30.00','2014-01-31 15:15:09'),('Guitar Center',10,'2014-01-31','35.00','2014-01-31 15:16:17'),('Jesses Rent',1,'2014-01-31','30.00','2014-01-31 15:17:28'),('Jesses Best Buy',10,'2014-01-31','30.00','2014-01-31 15:17:50'),('Verizon',5,'2014-01-31','149.40','2014-01-31 15:25:20'),('Jesses Rent',1,'2014-01-31','420.00','2014-02-01 14:47:59'),('Alfredo CC',12,'2014-02-04','116.66','2014-02-04 14:52:20'),('Capital One',22,'2014-02-14','20.00','2014-02-14 14:41:08'),('COA Utilites',16,'2014-02-14','152.00','2014-02-14 14:43:17'),('Firestone',20,'2014-02-14','20.00','2014-02-14 14:44:03'),('Target',20,'2014-02-14','30.00','2014-02-14 14:44:50'),('TWC internet',15,'2014-02-14','45.91','2014-02-14 14:47:10'),('Wal-Mart',25,'2014-02-14','90.00','2014-02-14 14:48:19'),('Alfredo CC',12,'2014-02-04','116.66','2014-02-16 13:07:31'),('Anas Best Buy',3,'2014-01-31','30.00','2014-02-16 13:09:07'),('Capital One',22,'2014-02-14','20.00','2014-02-16 13:09:43'),('Chase Freedom',25,'2014-01-14','50.00','2014-02-16 13:10:10'),('COA Utilites',16,'2014-02-14','152.00','2014-02-16 13:10:41'),('DirectTV',27,'2014-01-26','50.16','2014-02-16 13:11:08'),('Firestone',20,'2014-02-14','20.00','2014-02-16 13:13:05'),('Guitar Center',10,'2014-01-31','35.00','2014-02-16 13:13:47'),('Insurance',1,'2014-01-31','109.00','2014-02-16 13:14:22'),('Jesses Best Buy',10,'2014-01-31','30.00','2014-02-16 13:15:58'),('Jesses Rent',1,'2014-01-31','420.00','2014-02-16 13:16:24'),('Wal-Mart',25,'2014-02-16','90.00','2014-02-16 13:17:10'),('Verizon',5,'2014-01-31','149.40','2014-02-16 13:17:48'),('VCFU Loan',26,'2014-01-20','154.00','2014-02-16 13:18:07'),('TWC internet',15,'2014-02-14','45.91','2014-02-16 13:19:10'),('TJMax',27,'2014-01-14','60.00','2014-02-16 13:19:47'),('Texas Gas',23,'2014-01-22','50.08','2014-02-16 13:20:36'),('Target',20,'2014-02-14','30.00','2014-02-16 13:21:10'),('Laura Chase',25,'2014-01-14','50.00','2014-02-16 13:21:33'),('Chase Freedom',25,'2014-02-16','53.00','2014-02-16 13:32:23'),('Laura Chase',25,'2014-02-16','50.00','2014-02-16 13:34:23'),('TJMax',27,'2014-02-16','61.00','2014-02-16 13:35:39'),('Texas Gas',23,'2014-02-22','111.83','2014-02-24 08:56:13'),('VCFU Loan',26,'2014-02-25','157.00','2014-02-27 13:07:05'),('DirectTV',27,'2014-02-27','103.14','2014-02-27 15:21:49'),('DirectTV',27,'2014-02-26','103.14','2014-02-27 15:22:08'),('Alfredo CC',12,'2014-02-28','128.18','2014-02-28 11:20:10'),('Anas Best Buy',3,'2014-02-28','32.00','2014-02-28 11:21:04'),('Guitar Center',10,'2014-02-28','35.00','2014-02-28 11:22:20'),('Verizon',5,'2014-02-28','149.36','2014-02-28 11:23:43'),('Jesses Best Buy',10,'2014-02-28','35.00','2014-02-28 11:25:12'),('Insurance',1,'2014-02-28','109.00','2014-03-02 23:00:05'),('Jesses Rent',1,'2014-02-28','420.00','2014-03-02 23:00:23'),('Capital One',22,'2014-03-14','20.00','2014-03-14 21:51:37'),('Chase Freedom',25,'2014-03-14','60.00','2014-03-14 21:55:41'),('Laura Chase',25,'2014-03-14','43.00','2014-03-14 21:57:18'),('Target',20,'2014-03-14','30.00','2014-03-14 21:58:27'),('Firestone',20,'2014-03-14','20.00','2014-03-14 22:00:22'),('TJMax',27,'2014-03-14','57.00','2014-03-14 22:01:38'),('Wal-Mart',25,'2014-03-14','85.00','2014-03-14 22:03:15'),('TWC internet',15,'2014-03-14','45.91','2014-03-16 09:07:55'),('COA Utilites',16,'2014-03-15','152.00','2014-03-16 17:09:44'),('Texas Gas',23,'2014-03-22','73.04','2014-03-23 21:43:19'),('Anas Best Buy',3,'2014-03-23','35.73','2014-03-23 21:47:38'),('Target',20,'2014-03-23','111.84','2014-03-23 22:01:49'),('DirectTV',27,'2014-03-26','103.14','2014-03-28 06:01:32'),('VCFU Loan',26,'2014-03-25','154.00','2014-03-28 06:01:55'),('Insurance',1,'2014-03-31','109.00','2014-03-31 20:10:37'),('Verizon',5,'2014-03-31','149.41','2014-03-31 20:50:03'),('Guitar Center',10,'2014-03-31','45.00','2014-03-31 20:54:28'),('Jesses Best Buy',10,'2014-03-31','60.00','2014-03-31 20:55:54'),('Alfredo CC',12,'2014-03-31','90.00','2014-03-31 20:57:35'),('Case Slate',12,'2014-03-31','40.00','2014-03-31 21:07:17'),('Jesses Rent',1,'2014-03-31','420.00','2014-04-01 15:57:59'),('Capital One',22,'2014-04-14','25.00','2014-04-14 19:42:36'),('Firestone',20,'2014-04-14','30.00','2014-04-14 19:46:25'),('Chase Freedom',25,'2014-04-14','60.00','2014-04-14 19:56:33'),('Laura Chase',25,'2014-04-14','50.00','2014-04-14 19:59:02'),('TJMax',27,'2014-04-14','60.00','2014-04-14 20:00:18'),('Wal-Mart',25,'2014-04-14','90.00','2014-04-14 20:01:28'),('TWC internet',15,'2014-04-16','45.91','2014-04-16 06:23:53'),('COA Utilites',16,'2014-04-15','152.00','2014-04-16 17:10:44'),('Texas Gas',23,'2014-04-22','33.97','2014-04-23 15:09:49'),('VCFU Loan',26,'2014-04-25','154.00','2014-04-26 20:15:50'),('DirectTV',27,'2014-04-28','124.74','2014-04-28 08:09:12'),('Jesses Rent',1,'2014-04-30','420.00','2014-05-03 05:58:37'),('Jesses Best Buy',10,'2014-05-03','25.00','2014-05-03 06:01:27'),('Verizon',5,'2014-05-03','149.36','2014-05-03 06:02:40'),('Guitar Center',10,'2014-05-03','30.00','2014-05-03 06:03:48'),('Case Slate',12,'2014-05-03','30.00','2014-05-03 06:05:32'),('Alfredo CC',12,'2014-05-03','119.59','2014-05-03 06:06:23'),('Insurance',1,'2014-04-30','110.00','2014-05-06 08:00:03'),('COA Utilites',16,'2014-05-15','244.66','2014-05-15 10:44:19'),('Wal-Mart',25,'2014-05-15','85.00','2014-05-15 10:46:14'),('TJMax',27,'2014-05-15','60.00','2014-05-15 10:48:07'),('Laura Chase',25,'2014-05-15','50.00','2014-05-15 10:50:58'),('Capital One',22,'2014-05-15','20.00','2014-05-15 20:16:39'),('Chase Freedom',25,'2014-05-15','55.00','2014-05-15 20:18:51'),('Firestone',20,'2014-05-15','20.00','2014-05-15 20:19:46'),('Texas Gas',23,'2014-05-24','16.74','2014-05-24 08:03:53'),('Texas Gas',23,'2014-05-22','16.74','2014-05-24 08:04:14'),('Capital One',22,'2014-05-21','15.00','2014-05-24 08:07:58'),('VCFU Loan',26,'2014-05-24','154.00','2014-05-24 08:08:14'),('Verizon',5,'2014-05-31','149.36','2014-05-31 19:37:21'),('Alfredo CC',12,'2014-05-31','81.40','2014-05-31 19:38:54'),('Chase Slate',12,'2014-05-31','600.00','2014-05-31 19:40:41'),('Guitar Center',10,'2014-05-31','50.00','2014-05-31 19:41:41'),('Jesses Best Buy',10,'2014-05-31','35.00','2014-05-31 19:42:35'),('Jesses Rent',1,'2014-05-31','420.00','2014-06-02 12:50:27'),('Insurance',1,'2014-05-28','109.00','2014-06-06 19:38:38'),('COA Utilites',16,'2014-06-15','240.00','2014-06-15 09:10:54'),('Wal-Mart',25,'2014-06-15','80.00','2014-06-15 09:13:36'),('Wal-Mart',25,'2014-06-15','80.00','2014-06-15 09:13:37'),('Capital One',22,'2014-06-15','30.00','2014-06-15 09:14:56'),('Chase Freedom',25,'2014-06-15','60.00','2014-06-15 09:16:08'),('Firestone',20,'2014-06-15','35.00','2014-06-15 09:17:20'),('Laura Chase',25,'2014-06-15','50.00','2014-06-15 09:19:21'),('TJMax',27,'2014-06-15','60.00','2014-06-15 09:20:24'),('TWC internet',15,'2014-06-14','46.91','2014-06-21 06:23:24'),('VCFU Loan',26,'2014-06-20','154.00','2014-06-21 06:23:41'),('DirectTV',27,'2014-06-25','124.74','2014-06-30 11:36:00'),('Texas Gas',23,'2014-06-22','16.74','2014-06-30 11:36:15'),('Guitar Center',10,'2014-06-30','30.00','2014-06-30 11:39:20'),('Alfredo CC',12,'2014-06-30','83.28','2014-06-30 11:40:45'),('Jesses Best Buy',10,'2014-06-30','30.00','2014-06-30 11:42:45'),('Verizon',5,'2014-06-30','149.36','2014-06-30 11:42:55'),('Chase Slate',12,'2014-06-30','60.00','2014-06-30 11:50:15'),('Insurance',1,'2014-06-30','110.00','2014-07-01 07:47:53'),('Jesses Rent',1,'2014-06-30','420.00','2014-07-01 07:48:19'),('Capital One',22,'2014-07-15','15.00','2014-07-15 14:49:15'),('Chase Freedom',25,'2014-07-15','51.00','2014-07-15 14:50:23'),('Firestone',20,'2014-07-15','19.00','2014-07-15 14:51:38'),('Laura Chase',25,'2014-07-15','43.00','2014-07-15 14:54:06'),('TJMax',27,'2014-07-15','55.00','2014-07-15 14:55:37'),('Wal-Mart',25,'2014-07-15','76.00','2014-07-15 14:57:05'),('TWC internet',15,'2014-07-14','46.91','2014-07-16 11:18:56'),('COA Utilites',16,'2014-07-15','238.00','2014-07-17 07:57:34'),('Texas Gas',23,'2014-07-22','16.74','2014-07-27 18:07:39'),('Chase Slate',12,'2014-07-30','25.00','2014-07-30 08:25:50'),('Alfredo CC',12,'2014-07-30','74.21','2014-07-30 08:26:42'),('Guitar Center',10,'2014-07-30','29.00','2014-07-30 08:29:15'),('DirectTV',27,'2014-07-23','115.76','2014-07-30 08:30:36'),('Jesses Best Buy',10,'2014-07-30','25.00','2014-07-30 08:32:03'),('VCFU Loan',26,'2014-07-26','154.00','2014-07-30 08:32:31'),('Jesses Rent',1,'2014-07-29','149.32','2014-07-30 08:40:47'),('Verizon',5,'2014-07-29','149.32','2014-07-30 08:43:42'),('Jesses Rent',1,'2014-07-30','420.00','2014-07-30 08:44:22'),('Insurance',1,'2014-07-30','110.00','2014-08-07 08:33:47'),('Capital One',22,'2014-08-15','17.00','2014-08-15 08:19:00'),('Chase Freedom',25,'2014-08-15','55.00','2014-08-15 08:20:09'),('Firestone',20,'2014-08-15','20.00','2014-08-15 08:22:12'),('Laura Chase',25,'2014-08-15','45.00','2014-08-15 08:23:06'),('Wal-Mart',25,'2014-08-15','80.00','2014-08-15 08:24:18'),('TJMax',27,'2014-08-15','58.00','2014-08-15 08:25:28'),('TWC internet',15,'2014-08-10','77.08','2014-08-19 07:39:48'),('TWC internet',15,'2014-08-10','80.00','2014-08-19 07:40:07'),('Verizon',5,'2014-08-19','144.42','2014-09-01 08:55:46'),('Alfredo CC',12,'2014-09-01','76.44','2014-09-01 09:05:41'),('Chase Slate',12,'2014-09-01','38.00','2014-09-01 09:09:03'),('Guitar Center',10,'2014-09-01','31.00','2014-09-01 09:11:31'),('Jesses Best Buy',10,'2014-09-01','30.00','2014-09-01 09:13:19'),('DirectTV',27,'2014-08-23','106.00','2014-09-04 07:45:59'),('Jesses Rent',1,'2014-08-30','500.00','2014-09-04 07:47:02'),('Capital One',22,'2014-09-15','20.00','2014-09-15 08:26:13'),('Chase Freedom',25,'2014-09-15','60.00','2014-09-15 08:27:25'),('Firestone',20,'2014-09-15','25.00','2014-09-15 08:28:37'),('Laura Chase',25,'2014-09-15','45.00','2014-09-15 08:29:49'),('TWC internet',15,'2014-09-15','1.00','2014-09-15 08:33:01'),('Wal-Mart',25,'2014-09-15','80.00','2014-09-15 08:33:50'),('TWC internet',15,'2014-09-14','1.00','2014-09-15 08:34:09'),('TJMax',27,'2014-09-15','55.00','2014-09-15 08:35:35'),('Car Loan',18,'2014-09-18','245.00','2014-09-19 11:10:38'),('Alfredo CC',12,'2014-09-30','76.08','2014-09-30 11:37:46'),('Chase Slate',12,'2014-09-30','50.00','2014-09-30 11:38:55'),('DirectTV',27,'2014-09-26','110.00','2014-09-30 11:39:11'),('Guitar Center',10,'2014-09-30','30.00','2014-09-30 11:41:09'),('Jesses Best Buy',10,'2014-09-30','30.00','2014-09-30 11:42:35'),('Verizon',5,'2014-09-30','151.68','2014-09-30 11:44:22'),('VCFU Loan',26,'2014-09-25','154.00','2014-09-30 11:44:44'),('Insurance',1,'2014-09-30','150.83','2014-09-30 11:47:39'),('Jesses Rent',1,'2014-09-30','500.00','2014-10-01 14:32:01'),('Capital One',22,'2014-10-15','15.00','2014-10-15 14:56:51'),('Chase Freedom',25,'2014-10-15','51.00','2014-10-15 14:57:54'),('COA Utilites',16,'2014-10-15','50.00','2014-10-15 14:59:11'),('Firestone',20,'2014-10-15','19.00','2014-10-15 15:00:09'),('Car Loan',18,'2014-10-15','244.64','2014-10-15 15:02:38'),('Laura Chase',25,'2014-10-15','42.00','2014-10-15 15:04:16'),('TJMax',27,'2014-10-15','52.00','2014-10-15 15:06:19'),('Wal-Mart',25,'2014-10-15','75.00','2014-10-15 15:07:32'),('VCFU Loan',26,'2014-10-24','154.00','2014-10-30 07:32:04'),('DirectTV',27,'2014-10-24','110.00','2014-10-30 07:32:18'),('Alfredo CC',12,'2014-10-30','73.35','2014-10-30 13:00:17'),('Chase Slate',12,'2014-10-30','50.00','2014-10-30 13:02:17'),('Guitar Center',10,'2014-10-30','30.00','2014-10-30 13:04:16'),('Jesses Best Buy',10,'2014-10-30','30.00','2014-10-30 13:05:27'),('Verizon',5,'2014-10-30','149.28','2014-10-30 13:07:41'),('Insurance',1,'2014-10-30','150.83','2014-10-30 13:16:09'),('Jesses Rent',1,'2014-10-30','500.00','2014-11-04 13:53:16'),('Capital One',22,'2014-11-17','15.00','2014-11-17 10:37:56'),('Chase Freedom',25,'2014-11-17','48.00','2014-11-17 10:39:52'),('Firestone',20,'2014-11-17','20.00','2014-11-17 10:41:09'),('Laura Chase',25,'2014-11-17','43.00','2014-11-17 10:44:23'),('TJMax',27,'2014-11-17','55.00','2014-11-17 10:45:29'),('Wal-Mart',25,'2014-11-17','76.00','2014-11-17 10:46:58'),('Car Loan',18,'2014-11-13','244.64','2014-11-20 08:27:56'),('Jesses Rent',1,'2014-11-29','500.00','2014-12-01 21:32:21'),('VCFU Loan',26,'2014-11-22','154.00','2014-12-01 21:32:41'),('Alfredo CC',12,'2014-12-01','76.77','2014-12-01 21:35:02'),('Chase Slate',12,'2014-12-01','47.00','2014-12-01 21:37:23'),('DirectTV',27,'2014-11-25','128.00','2014-12-01 21:37:46'),('Guitar Center',10,'2014-12-01','30.00','2014-12-01 21:43:37'),('Jesses Best Buy',10,'2014-12-01','30.00','2014-12-01 21:45:11'),('Verizon',5,'2014-12-01','138.96','2014-12-01 21:47:51'),('Insurance',1,'2014-11-30','150.83','2014-12-01 21:53:05'),('Capital One',22,'2014-12-15','20.00','2014-12-15 09:26:40'),('Chase Freedom',25,'2014-12-15','60.00','2014-12-15 09:28:35'),('COA Utilites',16,'2014-12-15','25.00','2014-12-15 09:30:11'),('Firestone',20,'2014-12-15','25.00','2014-12-15 09:31:01'),('Laura Chase',25,'2014-12-15','50.00','2014-12-15 09:32:30'),('TJMax',27,'2014-12-15','60.00','2014-12-15 09:34:30'),('VCFU Loan',26,'2014-12-15','12.00','2014-12-15 09:34:37'),('Wal-Mart',25,'2014-12-15','80.00','2014-12-15 09:35:38'),('Capital One',22,'2015-05-18','15.00','2015-05-17 19:55:16'),('Capital One',22,'2015-05-18','15.00','2015-05-17 19:55:51'),('Capital One',22,'2015-05-18','15.00','2015-05-17 19:58:48'),('Car Loan',18,'2015-05-18','245.00','2015-05-17 20:00:01'),('Car Loan',18,'2015-05-18','245.00','2015-05-17 20:00:06'),('Car Loan',18,'2015-05-17','245.00','2015-05-17 20:00:26'),('Chase Freedom',25,'2015-05-18','47.00','2015-05-17 20:01:25'),('Firestone',20,'2015-05-18','20.00','2015-05-17 20:03:52'),('Student Loans',24,'2015-05-18','198.62','2015-05-17 20:05:33'),('Laura Chase',25,'2015-05-18','38.00','2015-05-17 20:07:03'),('TJMax',27,'2015-05-18','49.00','2015-05-17 20:08:25'),('Wal-Mart',25,'2015-05-18','68.00','2015-05-17 20:09:39'),('test ',23,'2015-05-20','23.00','2015-05-19 21:06:51'),('test ',23,'2015-05-19','23.00','2015-05-19 21:39:28'),('test ',23,'2015-05-19','14.00','2015-05-19 21:41:01'),('test ',23,'2015-05-19','34.00','2015-05-19 21:41:16'),('test ',23,'2015-05-19','53.00','2015-05-19 21:41:22'),('test ',23,'2015-05-19','13.00','2015-05-19 21:41:59'),('test ',23,'2015-05-19','13.00','2015-05-19 21:42:47'),('test ',23,'2015-05-19','10.00','2015-05-19 21:44:57'),('test ',23,'2015-05-19','9.00','2015-05-19 21:47:52'),('test ',23,'2015-05-19','98.00','2015-05-19 21:50:16'),('VCFU Loan',26,'2015-05-25','154.00','2015-05-26 18:25:05'),('Alfredo CC',12,'2015-05-29','70.00','2015-05-29 19:51:25'),('Chase Slate',12,'2015-05-29','50.00','2015-05-29 19:53:00'),('Guitar Center',10,'2015-05-29','35.00','2015-05-29 19:54:12'),('Jesses Best Buy',10,'2015-05-29','35.00','2015-05-29 19:55:12'),('Verizon',5,'2015-05-29','137.46','2015-05-29 19:56:57'),('Socrates',20,'2015-05-14','38.00','2015-06-04 00:53:54'),('Socrates',20,'2015-05-14','38.00','2015-06-04 00:53:54'),('Car Loan',18,'2015-06-15','250.00','2015-06-15 00:39:44'),('COA Utilites',16,'2015-06-15','25.00','2015-06-15 00:40:48'),('Chase Freedom',25,'2015-06-15','50.00','2015-06-15 00:42:15'),('Laura Chase',25,'2015-06-15','45.00','2015-06-15 00:43:56'),('Socrates',20,'2015-06-15','40.00','2015-06-15 00:45:27'),('Student Loans',24,'2015-06-15','205.00','2015-06-15 00:46:41'),('TJMax',27,'2015-06-15','55.00','2015-06-15 00:48:24'),('Wal-Mart',25,'2015-06-15','74.00','2015-06-15 00:49:32'),('Firestone',20,'2015-06-15','87.99','2015-06-15 01:02:27'),('Capital One',22,'2015-06-15','175.00','2015-06-15 01:03:37'),('VCFU Loan',26,'2015-06-22','160.00','2015-06-22 01:01:49'),('Alfredo CC',12,'2015-06-30','75.00','2015-06-30 01:23:36'),('Chase Slate',12,'2015-06-30','50.00','2015-06-30 01:29:03'),('Guitar Center',10,'2015-06-30','45.00','2015-06-30 01:36:35'),('Jesses Best Buy',10,'2015-06-30','35.00','2015-06-30 01:40:00'),('Verizon',5,'2015-06-30','109.55','2015-06-30 01:44:54'),('Insurance',1,'2015-06-30','145.67','2015-06-30 01:45:56'),('Car Loan',18,'2015-07-15','240.00','2015-07-15 00:47:34'),('Capital One',22,'2015-07-15','30.00','2015-07-15 00:49:11'),('Chase Freedom',25,'2015-07-15','50.00','2015-07-15 00:51:39'),('Laura Chase',25,'2015-07-15','45.00','2015-07-15 00:52:51'),('Student Loans',24,'2015-07-15','197.62','2015-07-15 00:54:05'),('Socrates',20,'2015-07-15','40.00','2015-07-15 01:00:19'),('TJMax',27,'2015-07-15','50.00','2015-07-15 01:01:04'),('Wal-Mart',25,'2015-07-15','75.00','2015-07-15 01:02:07'),('COA Utilites',16,'2015-07-15','25.00','2015-07-15 01:03:24'),('VCFU Loan',26,'2015-07-24','160.00','2015-07-31 19:25:34'),('Alfredo CC',12,'2015-07-31','67.00','2015-08-01 01:04:21'),('Chase Slate',12,'2015-08-01','125.00','2015-08-01 01:05:30'),('Guitar Center',10,'2015-08-01','32.00','2015-08-01 01:06:37'),('Jesses Best Buy',10,'2015-08-01','27.00','2015-08-01 01:08:08'),('Verizon',5,'2015-08-01','178.26','2015-08-01 01:09:22'),('Insurance',1,'2015-08-01','145.61','2015-08-01 01:10:00'),('Insurance',1,'2015-07-31','145.61','2015-08-01 01:10:26'),('Car Loan',18,'2015-08-14','246.00','2015-08-14 19:31:04'),('Capital One',22,'2015-08-14','50.00','2015-08-14 19:32:27'),('Chase Freedom',25,'2015-08-14','50.00','2015-08-14 19:33:58'),('COA Utilites',16,'2015-08-14','25.00','2015-08-14 19:34:58'),('Socrates',20,'2015-08-14','50.00','2015-08-14 19:36:53'),('Laura Chase',25,'2015-08-14','40.00','2015-08-14 19:38:17'),('Student Loans',24,'2015-08-14','202.00','2015-08-14 19:39:46'),('TJMax',27,'2015-08-14','50.00','2015-08-14 19:41:09'),('Wal-Mart',25,'2015-08-14','80.00','2015-08-14 19:42:51'),('VCFU Loan',26,'2015-08-24','155.00','2015-08-30 12:34:54'),('Alfredo CC',12,'2015-09-01','70.00','2015-09-01 09:15:15'),('Chase Slate',12,'2015-09-01','127.00','2015-09-01 09:17:49'),('Guitar Center',10,'2015-09-01','32.00','2015-09-01 09:20:15'),('Jesses Best Buy',10,'2015-09-01','30.00','2015-09-01 09:21:18'),('Verizon',5,'2015-09-01','147.27','2015-09-01 09:23:05'),('Jesses Rent',1,'2015-08-31','500.00','2015-09-01 09:23:24'),('Insurance',1,'2015-09-01','196.63','2015-09-01 09:26:26'),('Insurance',1,'2015-08-31','196.63','2015-09-01 09:26:43'),('Capital One',22,'2015-09-14','24.84','2015-09-14 23:39:45'),('Car Loan',18,'2015-09-14','246.00','2015-09-14 23:41:42'),('Chase Freedom',25,'2015-09-14','50.00','2015-09-14 23:46:31'),('COA Utilites',16,'2015-09-14','32.00','2015-09-14 23:56:12'),('Wal-Mart',25,'2015-09-14','80.00','2015-09-14 23:57:41'),('Student Loans',24,'2015-09-14','201.31','2015-09-14 23:59:40'),('Laura Chase',25,'2015-09-14','40.00','2015-09-15 00:02:36'),('Socrates',20,'2015-09-15','50.00','2015-09-15 00:03:56'),('TJMax',27,'2015-09-15','50.00','2015-09-15 00:05:07'),('Alfredo CC',12,'2015-10-01','65.00','2015-10-01 09:23:12'),('Insurance',1,'2015-10-01','190.63','2015-10-01 09:29:11'),('Insurance',1,'2015-09-29','190.63','2015-10-01 09:29:35'),('Jesses Rent',1,'2015-09-30','500.00','2015-10-01 09:29:52'),('Jesses Best Buy',10,'2015-10-01','30.00','2015-10-01 09:30:44'),('VCFU Loan',26,'2015-09-19','155.00','2015-10-01 09:31:02'),('Verizon',5,'2015-10-01','168.43','2015-10-01 09:32:11'),('Guitar Center',10,'2015-10-09','35.00','2015-10-10 13:36:57'),('Chase Slate',13,'2015-10-03','127.00','2015-10-15 21:22:53'),('Capital One',22,'2015-10-15','21.00','2015-10-15 21:26:23'),('Car Loan',18,'2015-10-15','242.00','2015-10-15 21:30:35'),('COA Utilites',16,'2015-10-15','35.39','2015-10-15 21:31:54'),('Student Loans',24,'2015-10-15','202.00','2015-10-15 21:33:28'),('Wal-Mart',25,'2015-10-15','74.00','2015-10-15 21:36:34'),('TJMax',27,'2015-10-15','50.00','2015-10-15 21:38:06'),('Laura Chase',25,'2015-10-19','36.00','2015-10-19 23:31:01'),('Chase Freedom',25,'2015-10-19','45.00','2015-10-19 23:31:06'),('Socrates',20,'2015-10-19','44.00','2015-10-19 23:32:47'),('DirectTV',27,'2015-10-19','22.50','2015-10-19 23:32:59'),('VCFU Loan',26,'2015-10-20','154.00','2015-10-28 22:55:11'),('Verizon',5,'2015-10-31','149.57','2015-10-31 11:10:15'),('Insurance',1,'2015-10-31','190.63','2015-10-31 11:13:00'),('Alfredo CC',12,'2015-10-31','65.00','2015-10-31 11:14:02'),('Chase Slate',13,'2015-10-31','135.00','2015-10-31 11:18:34'),('Jesses Best Buy',10,'2015-10-31','35.00','2015-10-31 11:19:38'),('Jesses Rent',1,'2015-10-31','250.00','2015-10-31 11:19:44'),('Missys Rent 1st',1,'2015-10-31','250.00','2015-10-31 11:53:55'),('Missys Rent 1st',1,'2015-10-31','150.00','2015-10-31 11:54:18'),('Guitar Center',10,'2015-11-09','35.00','2015-11-15 20:38:46'),('Missys Rent 15th',15,'2015-11-14','250.00','2015-11-15 20:39:27'),('COA Utilites',16,'2015-11-15','32.00','2015-11-15 20:41:59'),('Car Loan',18,'2015-11-15','245.00','2015-11-15 20:45:48'),('Student Loans',24,'2015-11-15','200.62','2015-11-15 20:48:49'),('TJMax',27,'2015-11-15','46.00','2015-11-15 20:51:27'),('Wal-Mart',25,'2015-11-15','75.00','2015-11-15 20:52:24'),('Capital One',22,'2015-11-15','0.00','2015-11-15 20:56:22'),('Chase Freedom',25,'2015-11-15','45.00','2015-11-15 20:58:57'),('Laura Chase',25,'2015-11-15','40.00','2015-11-15 21:00:58'),('Socrates',20,'2015-11-15','45.00','2015-11-15 21:02:49'),('Jesses Rent',1,'2015-11-30','250.00','2015-12-01 17:38:01'),('Insurance',1,'2015-11-30','190.63','2015-12-01 17:40:12'),('VCFU Loan',26,'2015-11-25','139.00','2015-12-01 17:41:04'),('Alfredo CC',12,'2015-12-01','67.00','2015-12-01 17:42:53'),('Chase Slate',13,'2015-12-01','137.00','2015-12-01 17:45:37'),('Guitar Center',10,'2015-12-01','34.00','2015-12-01 17:55:25'),('Jesses Best Buy',10,'2015-12-01','25.00','2015-12-01 17:59:55'),('Verizon',5,'2015-12-01','173.69','2015-12-01 18:02:03'),('Missys Rent 1st',1,'2015-11-30','150.00','2015-12-01 19:16:17'),('DirectTV',27,'2015-11-23','30.00','2015-12-09 09:19:26'),('COA Utilites',16,'2015-12-09','0.00','2015-12-09 09:19:38'),('Capital One',22,'2015-12-09','0.00','2015-12-09 09:19:54'),('Car Loan',18,'2015-12-15','245.00','2015-12-15 11:52:50'),('Student Loans',24,'2015-12-15','201.64','2015-12-15 12:01:15'),('Wal-Mart',25,'2015-12-15','75.00','2015-12-15 12:02:49'),('TJMax',27,'2015-12-15','45.00','2015-12-15 12:05:07'),('Missys Rent 15th',15,'2015-12-14','250.00','2015-12-18 09:06:04'),('Chase Freedom',25,'2015-12-18','46.00','2015-12-18 09:07:22'),('Laura Chase',25,'2015-12-18','35.00','2015-12-18 09:08:40'),('Socrates',20,'2015-12-18','42.00','2015-12-18 09:09:46'),('Alfredo CC',12,'2016-12-31','64.00','2015-12-31 13:04:49'),('Insurance',1,'2016-12-31','190.63','2015-12-31 13:04:59'),('Insurance',1,'2016-12-30','190.63','2015-12-31 13:05:15'),('Alfredo CC',12,'2015-12-31','64.00','2015-12-31 13:05:44'),('Alfredo CC',12,'2015-12-30','64.00','2015-12-31 13:14:37'),('Guitar Center',10,'2015-12-31','34.00','2015-12-31 14:14:48'),('Insurance',1,'2015-12-31','190.63','2015-12-31 14:15:10'),('Chase Slate',13,'2015-12-30','134.00','2015-12-31 14:16:29'),('Jesses Rent',1,'2015-12-31','250.00','2015-12-31 14:22:52'),('Jesses Best Buy',10,'2015-12-31','30.00','2015-12-31 14:30:04'),('Verizon',5,'2016-12-31','152.38','2015-12-31 14:31:43'),('Car Loan',18,'2016-01-16','244.00','2016-01-16 13:03:06'),('COA Utilites',16,'2016-01-16','0.00','2016-01-16 13:03:20'),('COA Utilites',16,'2016-01-15','0.00','2016-01-16 13:03:33'),('Capital One',22,'2016-01-16','0.00','2016-01-16 13:03:38'),('Student Loans',24,'2016-01-16','201.31','2016-01-16 13:05:16'),('Wal-Mart',25,'2016-01-16','75.00','2016-01-16 13:07:07'),('TJMax',27,'2016-01-16','50.00','2016-01-16 13:10:38'),('Socrates',20,'2016-01-16','45.00','2016-01-16 13:14:19'),('Chase Freedom',25,'2016-01-16','48.00','2016-01-16 13:20:33'),('Laura Chase',25,'2016-01-16','35.00','2016-01-16 13:22:13'),('Alfredo CC',12,'2016-02-01','70.00','2016-02-01 21:11:33'),('Chase Slate',13,'2016-02-01','145.00','2016-02-01 21:24:35'),('Guitar Center',10,'2016-02-01','40.00','2016-02-01 21:28:25'),('Insurance',1,'2016-02-01','158.07','2016-02-01 21:29:26'),('Insurance',1,'2016-01-30','158.07','2016-02-01 21:29:43'),('Jesses Rent',1,'2016-01-30','250.00','2016-02-01 21:30:19'),('Missys Rent 1st',1,'2016-01-30','200.00','2016-02-01 21:30:38'),('Jesses Best Buy',10,'2016-02-01','35.00','2016-02-01 21:31:48'),('Verizon',5,'2016-02-01','152.54','2016-02-01 21:33:28'),('Capital One',22,'2016-02-13','0.00','2016-02-13 15:53:08'),('Car Loan',18,'2016-02-13','244.50','2016-02-13 15:54:14'),('COA Utilites',16,'2016-02-13','0.00','2016-02-13 15:54:24'),('Chase Freedom',25,'2016-02-13','55.00','2016-02-13 15:56:09'),('Laura Chase',25,'2016-02-13','45.00','2016-02-13 15:57:33'),('TJMax',27,'2016-02-13','50.00','2016-02-13 16:03:25'),('VCFU Loan',26,'2016-02-13','50.00','2016-02-13 16:04:34'),('VCFU Loan',26,'2016-02-13','154.00','2016-02-13 16:04:41'),('Socrates',20,'2016-02-13','50.00','2016-02-13 16:04:46'),('Wal-Mart',25,'2016-02-13','80.00','2016-02-13 16:05:38'),('Missys Rent 15th',15,'2016-02-13','400.00','2016-02-13 16:08:12'),('Alfredo CC',12,'2016-02-27','65.00','2016-02-27 19:55:16'),('Jesses Rent',1,'2016-02-27','250.00','2016-02-27 19:58:17'),('Verizon',5,'2016-02-27','150.37','2016-02-27 20:01:22'),('Insurance',1,'2016-02-27','158.07','2016-02-27 20:01:30'),('Student Loans',24,'2016-02-17','0.00','2016-02-27 20:01:56'),('Jesses Best Buy',10,'2016-02-27','30.00','2016-02-27 20:02:55'),('Guitar Center',10,'2016-02-27','40.00','2016-02-27 20:03:52'),('DirectTV',27,'2016-02-27','0.00','2016-02-27 20:04:04'),('DirectTV',27,'2016-02-26','0.00','2016-02-27 20:04:15'),('Missys Rent 1st',1,'2016-02-27','200.00','2016-02-27 20:05:03'),('Jesses Best Buy',10,'2016-03-13','23.09','2016-03-13 17:03:35'),('Chase Slate',13,'2016-03-12','145.00','2016-03-15 09:07:52'),('Car Loan',18,'2016-03-15','250.00','2016-03-15 09:08:52'),('Chase Freedom',25,'2016-03-15','55.00','2016-03-15 09:10:06'),('Wal-Mart',25,'2016-03-15','80.00','2016-03-15 23:03:15'),('VCFU Loan',26,'2016-03-15','154.00','2016-03-15 23:03:22'),('TJMax',27,'2016-03-15','50.00','2016-03-15 23:04:38'),('Student Loans',24,'2016-03-15','0.00','2016-03-15 23:04:42'),('Laura Chase',25,'2016-03-15','45.00','2016-03-15 23:06:47'),('Socrates',20,'2016-03-15','55.00','2016-03-15 23:08:34'),('Missys Rent 15th',15,'2016-03-14','400.00','2016-03-16 18:14:40'),('Alfredo CC',12,'2016-04-01','65.00','2016-04-01 19:25:31'),('Chase Slate',13,'2016-04-01','160.00','2016-04-01 19:27:23'),('DirectTV',27,'2016-03-24','0.00','2016-04-01 19:28:05'),('Jesses Rent',1,'2016-03-30','250.00','2016-04-01 19:28:22'),('Insurance',1,'2016-04-01','157.07','2016-04-01 19:29:10'),('Insurance',1,'2016-03-30','157.07','2016-04-01 19:29:33'),('Guitar Center',10,'2016-04-01','40.00','2016-04-01 19:31:48'),('Verizon',5,'2016-04-01','150.37','2016-04-01 19:37:08'),('Missys Rent 1st',1,'2016-03-29','200.00','2016-04-17 15:52:53'),('Car Loan',18,'2016-04-17','240.00','2016-04-17 15:54:21'),('Insurance',1,'2016-04-17','157.07','2016-04-17 15:55:08'),('Chase Freedom',25,'2016-04-17','34.00','2016-04-17 15:57:06'),('Laura Chase',25,'2016-04-17','34.00','2016-04-17 15:57:22'),('Chase Freedom',25,'2016-04-17','46.00','2016-04-17 16:00:06'),('Student Loans',24,'2016-04-17','350.00','2016-04-17 16:03:03'),('Socrates',20,'2016-04-17','40.00','2016-04-17 16:05:01'),('TJMax',27,'2016-04-17','45.00','2016-04-17 16:06:43'),('Wal-Mart',25,'2016-04-17','75.00','2016-04-17 16:09:57'),('Missys Rent 15th',15,'2016-04-17','350.00','2016-04-17 16:14:34'),('Alfredo CC',12,'2016-05-01','62.44','2016-05-01 19:22:17'),('Chase Slate',13,'2016-05-01','150.00','2016-05-01 19:28:38'),('Guitar Center',10,'2016-05-01','40.00','2016-05-01 19:29:56'),('Jesses Best Buy',10,'2016-05-01','0.00','2016-05-01 19:30:03'),('Jesses Rent',1,'2016-04-29','250.00','2016-05-01 19:30:19'),('DirectTV',27,'2016-05-01','0.00','2016-05-01 19:30:39'),('VCFU Loan',26,'2016-05-01','0.00','2016-05-01 19:30:44'),('Missys Rent 1st',1,'2016-04-30','200.00','2016-05-01 19:31:02'),('Verizon',5,'2016-05-01','199.22','2016-05-01 19:32:35'),('fake store',3,'2016-05-02','21.00','2016-05-02 18:28:12'),('Car Loan',18,'2016-05-17','250.00','2016-05-17 00:13:16'),('Chase Freedom',25,'2016-05-17','0.00','2016-05-17 00:15:11'),('Laura Chase',25,'2016-05-17','40.00','2016-05-17 00:16:22'),('Student Loans',24,'2016-05-17','351.00','2016-05-17 00:17:42'),('Socrates',20,'2016-05-17','45.00','2016-05-17 00:18:59'),('TJMax',27,'2016-05-17','75.00','2016-05-17 00:19:59'),('Wal-Mart',25,'2016-05-17','80.00','2016-05-17 00:22:20'),('Missys Rent 15th',15,'2016-05-17','200.00','2016-05-17 00:23:30'),('DirectTV',27,'2016-05-17','40.00','2016-05-17 00:25:19');
/*!40000 ALTER TABLE `history0` ENABLE KEYS */;
UNLOCK TABLES;

--
-- Table structure for table `messages`
--

DROP TABLE IF EXISTS `messages`;
/*!40101 SET @saved_cs_client     = @@character_set_client */;
/*!40101 SET character_set_client = utf8 */;
CREATE TABLE `messages` (
  `name` varchar(50) NOT NULL,
  `phone_number` varchar(11) NOT NULL,
  `carrier` varchar(50) NOT NULL,
  `table_name` varchar(10) NOT NULL,
  `bill` varchar(50) NOT NULL,
  `paid` tinyint(1) NOT NULL DEFAULT '0'
) ENGINE=MyISAM DEFAULT CHARSET=utf8;
/*!40101 SET character_set_client = @saved_cs_client */;

--
-- Dumping data for table `messages`
--

LOCK TABLES `messages` WRITE;
/*!40000 ALTER TABLE `messages` DISABLE KEYS */;
INSERT INTO `messages` VALUES ('jesse','9565510746','verizon','0','TWC internet',0),('Jesse','9565510746','verizon','0','Alfredo CC',0),('Jesse','9565510746','verizon','0','Anas Best Buy',0),('Jesse','9565510746','verizon','0','Capital One',0),('Jesse','9565510746','verizon','0','Chase Freedom',1),('Jesse','9565510746','verizon','0','COA Utilites',0),('Jesse','9565510746','verizon','0','DirectTV',0),('Jesse','9565510746','verizon','0','Jesses Rent',0),('Jesse','9565510746','verizon','0','Texas Gas',0),('Froy','9566407077','verizon','0','TWC internet',0),('Campa','9562669612','sprint','0','DirectTV',0),('Campa','9562669612','sprint','0','TWC internet',0),('jesse','9565510746','verizon','0','Firestone',0),('jesse','9565510746','verizon','0','Guitar Center',0),('Jesse','9565510746','verizon','0','Insurance',0),('Jesse','9565510746','verizon','0','Jesses Best Buy',0),('Jesse','9565510746','verizon','0','Laura Chase',0),('Jesse','9565510746','verizon','0','Target',0),('Jesse','9565510746','verizon','0','TJMax',0),('Jesse','9565510746','verizon','0','VCFU Loan',0),('Jesse','9565510746','verizon','0','Verizon',0),('Jesse','9565510746','verizon','0','Wal-Mart',0);
/*!40000 ALTER TABLE `messages` ENABLE KEYS */;
UNLOCK TABLES;

--
-- Table structure for table `rec0`
--

DROP TABLE IF EXISTS `rec0`;
/*!40101 SET @saved_cs_client     = @@character_set_client */;
/*!40101 SET character_set_client = utf8 */;
CREATE TABLE `rec0` (
  `store` varchar(35) NOT NULL,
  `due_on` int(2) NOT NULL,
  `website` varchar(255) NOT NULL,
  `username` varchar(64) NOT NULL,
  `password` varchar(255) NOT NULL,
  `deleted` tinyint(2) NOT NULL
) ENGINE=MyISAM DEFAULT CHARSET=utf8 COMMENT='bills information';
/*!40101 SET character_set_client = @saved_cs_client */;

--
-- Dumping data for table `rec0`
--

LOCK TABLES `rec0` WRITE;
/*!40000 ALTER TABLE `rec0` DISABLE KEYS */;
INSERT INTO `rec0` VALUES ('Alfredo CC',12,'https://creditcards.citi.com','hjsd2000','i3mj23',0),('Jesses Best Buy',10,'https://www.accountonline.com/cards/svc/LoginGet.do?siteId=PLCN_BESTBUY','i3mj23','hjsd2000',0),('COA Utilites',16,'http://www.coautilities.com','jsanchez','Incubus1!',1),('Capital One',22,'https://servicing.capitalone.com/c1/login.aspx','i3mj23','hjsd2000',1),('Chase Freedom',25,'https://www.chase.com','analsanchez79','sanchez0731',0),('DirectTV',27,'http://www.direct.com','jsanchez@accruent.com','hjsd2000',0),('Insurance',1,'','','',0),('Firestone',20,'https://www.cfna.com/wps/portal/firestonecompleteautocare','i3mj23','hj2000',1),('Guitar Center',10,'https://www.hrsaccount.com/hrs/ecare?cmd_Redirect=LoginJSP&acctOrg=632&logoCode=000','sanchez0731','hjsd2000',0),('Laura Chase',25,'https://www.chase.com','lauraChase0731','hjsd2000',0),('Target',20,'https://rcam.target.com','hjsd2000','socrates6',1),('TJMax',27,'https://www.gecrbcredit.com/consumergen2/login.do?subActionId=1000&clientId=tjx&langId=en&accountType=generic','hj_sd2000@yahoo.com','hjsd2000',0),('VCFU Loan',26,'','','',0),('Verizon',5,'http://verizonwireless.com/b2c/index.html','9565510746','socrates06',0),('Wal-Mart',25,'https://www2.onlinecreditcenter6.com/cosumergen2/login.do?accountType=generic&clientId=walmart&langId=en&subActionId=1000','hj_sd2000@yahoo.com','hjsd2000',0),('Jesses Rent',1,'','','',0),('Anas Best Buy',3,'https://www.accountonline.com/cards/svc/LoginGet.do?siteId=PLCN_BESTBUY','analsanchez79','sanchez0731',1),('TWC internet',15,'https://myservices.timewarnercable.com/','i3mj23','socrates06',1),('Socrates',20,'https://www.gogecapital.com/en/consumer-credit-financing/index.html','soccer06','hjsd2000',1),('Texas Gas',1,'https://www.texasgasservice.com','hjsd2000','i3mj23',1),('Chase Slate Card',12,'https://www.chase.com','analsanchez79','socrates06',1),('Case Slate',12,'http://www.coautilities.com','analsanchez79','socrates06',0),('Car Loan',18,'https://eservices.wellsfargodealerservices.com/MyAccount/login.aspx','hjsd2000','Matamoros1!',0),('Student Loans',24,'https://accountaccess.myfedloan.org/accountAccess/index.cfm','hjsd2000','Matamoros1!',0),('Socrates',20,'https://www.mysynchrony.com/index.html','soccer06','hjsd2000',0),('Missys Rent 1st',1,'','','',1),('Missys Rent 1st',1,'','','',0),('Missys Rent 15th',15,'','','',0),('fake store',3,'http://www.google.com','fakeuser','fakepass',1),('fake store',23,'','','',1),('fake store',23,'','','',1),('fake store 2',12,'','','',1);
/*!40000 ALTER TABLE `rec0` ENABLE KEYS */;
UNLOCK TABLES;

--
-- Table structure for table `user`
--

DROP TABLE IF EXISTS `user`;
/*!40101 SET @saved_cs_client     = @@character_set_client */;
/*!40101 SET character_set_client = utf8 */;
CREATE TABLE `user` (
  `username` varchar(64) NOT NULL,
  `role` int(2) NOT NULL,
  `password` varchar(255) NOT NULL,
  `db_num` int(10) NOT NULL
) ENGINE=MyISAM DEFAULT CHARSET=utf8 COMMENT='user permissions';
/*!40101 SET character_set_client = @saved_cs_client */;

--
-- Dumping data for table `user`
--

LOCK TABLES `user` WRITE;
/*!40000 ALTER TABLE `user` DISABLE KEYS */;
INSERT INTO `user` VALUES ('hjsd2000',1,'i3mj23',0),('ana',1,'socrates',0),('jesse',2,'socrates',0),('user',3,'password',0);
/*!40000 ALTER TABLE `user` ENABLE KEYS */;
UNLOCK TABLES;
/*!40103 SET TIME_ZONE=@OLD_TIME_ZONE */;

/*!40101 SET SQL_MODE=@OLD_SQL_MODE */;
/*!40014 SET FOREIGN_KEY_CHECKS=@OLD_FOREIGN_KEY_CHECKS */;
/*!40014 SET UNIQUE_CHECKS=@OLD_UNIQUE_CHECKS */;
/*!40101 SET CHARACTER_SET_CLIENT=@OLD_CHARACTER_SET_CLIENT */;
/*!40101 SET CHARACTER_SET_RESULTS=@OLD_CHARACTER_SET_RESULTS */;
/*!40101 SET COLLATION_CONNECTION=@OLD_COLLATION_CONNECTION */;
/*!40111 SET SQL_NOTES=@OLD_SQL_NOTES */;

-- Dump completed on 2016-05-30 14:00:57
